Sentiment,Followers,Location,Name,Verified,Description,Age,Gender
Neutral,3,Location in China.,freeinfashion.com,False,"Any interesting,can contact to us!",20,male
Neutral,796,Nigeria,Kriz communication,False,"#HOME OF QUALITY GADGETS üõíüõí
#Phones [ UK used & NEW ]
#MOBILE #ACCESSORIES 
#Games & #Accessories 
#Smartwatches 
#Mp3 & #Speakers
üìçKRIZ",27,male
Neutral,40,,SmartDeal4u,False,Welcome to SmartDeal4u store!,21,male
Neutral,140,,News Prime 101,False,We need to know the #truth,20,female
Neutral,267,"Pretoria, South Africa",Charles Odendaal,False,"#Tech, Cross platform dev in Ionic, nodejs: pwa, ios, android, windows 10 and macOS #windows10 news",23,female
Positive,29451,"Lagos, Nigeria",Jayeola Abass,False,"Lautech Alumni | For original smartphones & other gadgets, follow @QualityGadgets_ | For gadgets repair & servicing, follow @gidi_phones_fix |  @olamide ‚ù§Ô∏è",29,male
Neutral,1,,URMILA,False,,20,female
Neutral,55,,Daily Deals,False,#DailyDeals has the latest and greatest #GoldBoxDeals from @amazon & @eBay.  Thank you & Enjoy!! #Deals #DOTD,24,male
Positive,25,,The Mall24,False,Welcome to The Mall24!,20,female
Neutral,454,India,Smart Gizmo Deals üõçüõí,False,Follow us for #Flipkart #Amazon #OnlineDeals - #TheBigBillionDays #AmazonPrimeDay #GreatIndianFestival #AmazonFreedomSale #NationalShoppingDays #Deals,24,female
Neutral,5,,divinegalleria,False,Welcome to https://t.co/eTnsp1IELo. Our prime goal is to create a shop in which you can easily find whatever product you need.,21,female
Positive,29949,USA,Dealors.com,False,Posting the lowest priced products from Amazon everyday to help you save money! ‚ÄúAn attitude of gratitude brings amazing things.‚Äù I wish you all the very best!,28,male
Neutral,4486,"Petaluma,CA",Ant Pruitt,False,"33% geek, 33% nerd, 33% dork. Other 1% TBD. https://t.co/E5mOO9FsI0 Host. Content creator. Knowledge sharer. Tweets are my own. #photography #FitGeek #whisky  üì∑üìπ‚å®Ô∏è",31,male
Neutral,31,,PhoneyBloom,False,Welcome to PhoneyBloom store!,20,male
Neutral,1010,Rio de janeiro,Fabricio Cavalcante,False,,27,female
Neutral,93,,Lowell Black,False,Blogging to keep the Seventh-day Adventist Church true to what it teaches.,28,male
Neutral,162,"Brooklyn, NY U.S.A.",Rodney Walker,False,"Rodney is CEO of Zevia, Inc., an information technology company based in New York.",27,male
Neutral,10031,"London, England, #cloud, #SaaS",CRM_CWS_Cloud,False,LinkedIn C.F.R. Read,25,male
Neutral,256,The Netherlands,Jeroen | TheJH üá≥üá±,False,"(he/him) A Dutch Pok√©mon-, darts- and Formula1 fan. Euphonium player and studying to be a translator English-Dutch. Favourite Pok√©mon: Flareon",24,female
Positive,741,,NV @ Mario 3D All-Stars ‚òÄÔ∏è,False,Certified Gamer‚Ñ¢ | 20 | Coffee addict | Full-time nerd | VGM Enthusiast | JRPG Crackhead | Patiently waiting for Bayonetta 3 | I'm bad at Smash,26,female
Neutral,12458,"Atlanta, GA",IG: MrsBossATL,False,"CEO, Walmart Seller, Royal Ambassador & Influencer
Managed by:
https://t.co/xhhR70L0fm 
Database Architect, #MBA #MITM #NSLS, Sigma Alpha",31,female
Positive,7,,MPG GLASS PROTECTOR,False,Mobile Phone Guard screen protector is one of the largest manufacturer specializing in research development and production of tempered glass screen protector.,20,female
Positive,443,From the Cloud,AmazonRetweetBot,False,"Just a bot that retweets tweets containing ""#Amazon"".
| By @raphheuhh.
| This is not an account created by Amazon.",20,male
Positive,6,,Daniel Dome Glass,False,"Whitestone Dome Glass is approved by Samsung Mobile Accessory Partnership Program.
SHOP https://t.co/ZJPFb7lbAQ #amazon #mobilefun #docomo",20,male
Positive,1204,United States,AnewCellPhone.com,False,Your #1 Source For Info On New Cell Phones Read About The Latest News And Reviews on https://t.co/F4BV9eTnCP,24,male
Neutral,90,,GadgetPiper,False,Great selection of Gadgets and Accessories at affordable prices! Free shipping to 185 countries. 45 days money back guarantee. Friendly customer service.,21,male
Neutral,90,,GadgetPiper,False,Great selection of Gadgets and Accessories at affordable prices! Free shipping to 185 countries. 45 days money back guarantee. Friendly customer service.,21,male
Neutral,40,,SmartDeal4u,False,Welcome to SmartDeal4u store!,21,male
Neutral,40,,SmartDeal4u,False,Welcome to SmartDeal4u store!,21,male
Positive,4,,MobileAndApps,False,,20,male
Neutral,3,"Navsari, India",Urvesh R. Patel,False,"Everything is possible. I'm Non-Techie man.

Please don't Follow me. 
If you Follow me then Give me reason, Why you followed me...",20,female
Neutral,90,,GadgetPiper,False,Great selection of Gadgets and Accessories at affordable prices! Free shipping to 185 countries. 45 days money back guarantee. Friendly customer service.,21,male
Positive,624,"Hyderabad, India",i5Deals,False,Follow @i5deals and Turn on Notifications For Awesome Deals/GiveAways. Mention or DM us for Promotions.,21,male
Positive,624,"Hyderabad, India",i5Deals,False,Follow @i5deals and Turn on Notifications For Awesome Deals/GiveAways. Mention or DM us for Promotions.,21,male
Positive,624,"Hyderabad, India",i5Deals,False,Follow @i5deals and Turn on Notifications For Awesome Deals/GiveAways. Mention or DM us for Promotions.,21,male
Neutral,443,From the Cloud,AmazonRetweetBot,False,"Just a bot that retweets tweets containing ""#Amazon"".
| By @raphheuhh.
| This is not an account created by Amazon.",20,male
Neutral,1494,ÎåÄÌïúÎØºÍµ≠ ÏÑúÏö∏,WhitestonedomeglassTV,False,Galaxy note 20 is made by Samsung. Whitestone dome glass is made for Samsung. Dome glass is approved by Samsung Mobile Accessory Partnership Program.,21,female
Neutral,37,Deutschland,Dima,False,"Ich brauche keinen 100%-igen Kapitalismus oder Sozialismus, sondern etwas menschliches dazwischen.",28,female
Neutral,90,,GadgetPiper,False,Great selection of Gadgets and Accessories at affordable prices! Free shipping to 185 countries. 45 days money back guarantee. Friendly customer service.,21,male
Neutral,40,,SmartDeal4u,False,Welcome to SmartDeal4u store!,21,male
Positive,40,,SmartDeal4u,False,Welcome to SmartDeal4u store!,21,male
Positive,21,"Sachsen, Deutschland","Produkte, News, Informationen, Testberichte",False,Produktanzeiger,21,female
Neutral,36478,The Netherlands,SamFirmware,False,"Official Twitter account of http://t.co/JvXQhAkNxP 
(Powered by http://t.co/SErtvLbV19)",30,female
Neutral,12458,"Atlanta, GA",IG: MrsBossATL,False,"CEO, Walmart Seller, Royal Ambassador & Influencer
Managed by:
https://t.co/xhhR70L0fm 
Database Architect, #MBA #MITM #NSLS, Sigma Alpha",31,female
Neutral,2874,Germany,MangieS Shop‚≠ê‚ù§Ô∏è‚≠ê,False,We have what you deserve!. We have wide range of high quality electronicsüì± that meet your need. #smartwatches #smartwatch #xiaomi #onlineshop #samsung ü§©üëçüí°üì∏,20,female
Neutral,874,"Birnin Kebbi, Kebbi.",Mustafa Atiku,False,Standing on the shoulders of giants,29,male
Positive,71,United States,SA Automotive,False,"Shopping Alert
Get Alert from Popular Shopping Sites.",21,female
Neutral,31,,PhoneyBloom,False,Welcome to PhoneyBloom store!,20,male
Neutral,60,,SJ House,False,Welcome to SJ House store!,21,female
Neutral,10,,Linda_letsbupro,False,i am co founder of https://t.co/HBwts76Zqx,20,male
Neutral,685,,Gotham Hope,False,Great selection of #Batman & #DC stuff at affordable prices! Over 400 items. Free shipping to 185 countries. Great giveaways and 45 days money back guarantee.,24,female
Neutral,685,,Gotham Hope,False,Great selection of #Batman & #DC stuff at affordable prices! Over 400 items. Free shipping to 185 countries. Great giveaways and 45 days money back guarantee.,24,female
Positive,2804,"Kilifi, Kenya",Katama Morineüòç,False,"My Random thoughts| GIRIAMA GIRL üòç
|Be Proud and Happy as Black as you are ‚ù§Ô∏è|Black Girl Ambassador

TURN ON POST NOTIFICATION üî¥

Pure Madridsta‚ö™",20,female
Neutral,783,"Orlando, FL",Feed You Deals,False,"Bringing you around the clock deals directly to your Twitter timeline!
#deals #flashsales #bargains #sale #ads #RT
Participant in retailer associate programs",23,male
Neutral,313,athens,Vassilis Moulakakis,False,M.Sc. city university,31,male
Neutral,3004,"Brooklyn, NY",Rodney Walker,False,"Rodney is CEO of Zevia, Inc., an information technology company based in New York.",32,male
Neutral,655381,,FutureShift,True,"Tech news from @Mashable. Obsessed w/ the innovations, products, and people who shape our connected lives. Sign up for our newsletter: https://t.co/W5Tbc4Nk0o",30,male
Positive,6,Doha - Qatar,Electronyat.qa,False,Defining Digital Lifestyle. To serve the consumers in Qatar with Genuine electronic gadgets with unmatched services at competitive prices.,20,female
Neutral,12458,"Atlanta, GA",IG: MrsBossATL,False,"CEO, Walmart Seller, Royal Ambassador & Influencer
Managed by:
https://t.co/xhhR70L0fm 
Database Architect, #MBA #MITM #NSLS, Sigma Alpha",31,female
Neutral,624,"Hyderabad, India",i5Deals,False,Follow @i5deals and Turn on Notifications For Awesome Deals/GiveAways. Mention or DM us for Promotions.,21,male
Positive,1204,United States,AnewCellPhone.com,False,Your #1 Source For Info On New Cell Phones Read About The Latest News And Reviews on https://t.co/F4BV9eTnCP,24,male
Neutral,36478,The Netherlands,SamFirmware,False,"Official Twitter account of http://t.co/JvXQhAkNxP 
(Powered by http://t.co/SErtvLbV19)",30,female
Neutral,36478,The Netherlands,SamFirmware,False,"Official Twitter account of http://t.co/JvXQhAkNxP 
(Powered by http://t.co/SErtvLbV19)",30,female
Neutral,36478,The Netherlands,SamFirmware,False,"Official Twitter account of http://t.co/JvXQhAkNxP 
(Powered by http://t.co/SErtvLbV19)",30,female
Neutral,36478,The Netherlands,SamFirmware,False,"Official Twitter account of http://t.co/JvXQhAkNxP 
(Powered by http://t.co/SErtvLbV19)",30,female
Neutral,36478,The Netherlands,SamFirmware,False,"Official Twitter account of http://t.co/JvXQhAkNxP 
(Powered by http://t.co/SErtvLbV19)",30,female
Neutral,36478,The Netherlands,SamFirmware,False,"Official Twitter account of http://t.co/JvXQhAkNxP 
(Powered by http://t.co/SErtvLbV19)",30,female
Neutral,36478,The Netherlands,SamFirmware,False,"Official Twitter account of http://t.co/JvXQhAkNxP 
(Powered by http://t.co/SErtvLbV19)",30,female
Neutral,36478,The Netherlands,SamFirmware,False,"Official Twitter account of http://t.co/JvXQhAkNxP 
(Powered by http://t.co/SErtvLbV19)",30,female
Neutral,36478,The Netherlands,SamFirmware,False,"Official Twitter account of http://t.co/JvXQhAkNxP 
(Powered by http://t.co/SErtvLbV19)",30,female
Neutral,36478,The Netherlands,SamFirmware,False,"Official Twitter account of http://t.co/JvXQhAkNxP 
(Powered by http://t.co/SErtvLbV19)",30,female
Neutral,36478,The Netherlands,SamFirmware,False,"Official Twitter account of http://t.co/JvXQhAkNxP 
(Powered by http://t.co/SErtvLbV19)",30,female
Neutral,36478,The Netherlands,SamFirmware,False,"Official Twitter account of http://t.co/JvXQhAkNxP 
(Powered by http://t.co/SErtvLbV19)",30,female
Neutral,36478,The Netherlands,SamFirmware,False,"Official Twitter account of http://t.co/JvXQhAkNxP 
(Powered by http://t.co/SErtvLbV19)",30,female
Neutral,36478,The Netherlands,SamFirmware,False,"Official Twitter account of http://t.co/JvXQhAkNxP 
(Powered by http://t.co/SErtvLbV19)",30,female
Positive,318,"Florida, USA",Retro Gaming Star,False,my name is Lavon Gill AKA Retro  Gaming Star and I love video games from both the Retro and modern era and Japanese anime and manga from Shonen Jump.,22,male
Neutral,685,,Gotham Hope,False,Great selection of #Batman & #DC stuff at affordable prices! Over 400 items. Free shipping to 185 countries. Great giveaways and 45 days money back guarantee.,24,female
Positive,1452,Happy place ,Veeü•∞,False,Here for Fun ‚ù§,20,female
Neutral,1737,Atlanta,Douglas Holtzman,False,CURRENT: VP Business Development @sportsdigita PAST: @NFL @MLB @NBA @IMG @AFLarenaball @MediaBrokersInt @ONtracapp ALUM: #Kansas #NIU INTEREST: #sportsbiz #tech,29,male
Neutral,977,,Mr Shamsudeen,False,NIGERIAN.,29,male
Neutral,2560,Nigeria,Ibrahim Oga,False,"Treasure. Human. Thinker.

Creative writer @_Channillo Digital Editor (Poetry) @Randomphjournal Film reviewer.",29,female
Neutral,832,PENITENTIARY,J.J,False,Finance enthusiasts | God‚Äôs Son| Family ‚ù§Ô∏è| Manchester United ‚ù§Ô∏è| Liberal| Equity Advocate.,30,female
Neutral,832,PENITENTIARY,J.J,False,Finance enthusiasts | God‚Äôs Son| Family ‚ù§Ô∏è| Manchester United ‚ù§Ô∏è| Liberal| Equity Advocate.,30,female
Neutral,8024,India,DealBee,False,"Bringing best online deals throughout the day. Saving your time while you save your money. 

Follow us for best #Looto #deals #offers & #giveaway alerts!",25,female
Neutral,783,"Orlando, FL",Feed You Deals,False,"Bringing you around the clock deals directly to your Twitter timeline!
#deals #flashsales #bargains #sale #ads #RT
Participant in retailer associate programs",23,male
Neutral,36478,The Netherlands,SamFirmware,False,"Official Twitter account of http://t.co/JvXQhAkNxP 
(Powered by http://t.co/SErtvLbV19)",30,female
Neutral,36478,The Netherlands,SamFirmware,False,"Official Twitter account of http://t.co/JvXQhAkNxP 
(Powered by http://t.co/SErtvLbV19)",30,female
Neutral,205,,Selim Sahin,False,Awesome Dad,28,male
Neutral,685,,Gotham Hope,False,Great selection of #Batman & #DC stuff at affordable prices! Over 400 items. Free shipping to 185 countries. Great giveaways and 45 days money back guarantee.,24,female
Neutral,47162,"Dubai, UAE",Axiom UAE,True,"The official axiom Telecom UAE Twitter account. axiom is the largest retailer and distributor in the Middle East for mobile phones, tablets & operator services.",30,female
Positive,12047,üá∞üá™,Kevin Moishyleez,False,"AN ECONOMIST AND A HUMANITARIAN.
FACEBOOK: Kevin Moishyleez
I.G:kevin_moishyleez

TEL: +254703970958.",21,male
Neutral,7,,DollaFin,False,Welcome to DollaFin Store!,20,male
Neutral,40,,SmartDeal4u,False,Welcome to SmartDeal4u store!,21,male
Neutral,40,,SmartDeal4u,False,Welcome to SmartDeal4u store!,21,male
Neutral,36478,The Netherlands,SamFirmware,False,"Official Twitter account of http://t.co/JvXQhAkNxP 
(Powered by http://t.co/SErtvLbV19)",30,female
Neutral,36478,The Netherlands,SamFirmware,False,"Official Twitter account of http://t.co/JvXQhAkNxP 
(Powered by http://t.co/SErtvLbV19)",30,female
Positive,12910,Kenya,Kiilu Kutoka Kitui,False,The Most Creative KOT üòÇ Money Lover ü§ë DM for Business ü§ë,21,female
Positive,37,,AKIA Shopping,False,Welcome to AKIA Shopping store!,20,male
